date,industry,unemployment_rate,year,month,post_treatment,tariff_rate,lobbying_index
2010-01-01,Manufacturing,13,2010,1,0,2,9.5
2010-02-01,Manufacturing,12.1,2010,2,0,2,9.5
2010-03-01,Manufacturing,12.6,2010,3,0,2,9.5
2010-04-01,Manufacturing,11.1,2010,4,0,2,9.5
2010-05-01,Manufacturing,10.3,2010,5,0,2,9.5
2010-06-01,Manufacturing,9.9,2010,6,0,2,9.5
2010-07-01,Manufacturing,10,2010,7,0,2,9.5
2010-08-01,Manufacturing,9.5,2010,8,0,2,9.5
2010-09-01,Manufacturing,9.6,2010,9,0,2,9.5
2010-10-01,Manufacturing,9.5,2010,10,0,2,9.5
2010-11-01,Manufacturing,9.9,2010,11,0,2,9.5
2010-12-01,Manufacturing,10,2010,12,0,2,9.5
2011-01-01,Manufacturing,9.9,2011,1,0,2,9.5
2011-02-01,Manufacturing,9.9,2011,2,0,2,9.5
2011-03-01,Manufacturing,9.7,2011,3,0,2,9.5
2011-04-01,Manufacturing,9.4,2011,4,0,2,9.5
2011-05-01,Manufacturing,9.6,2011,5,0,2,9.5
2011-06-01,Manufacturing,9.2,2011,6,0,2,9.5
2011-07-01,Manufacturing,9.2,2011,7,0,2,9.5
2011-08-01,Manufacturing,8.9,2011,8,0,2,9.5
2011-09-01,Manufacturing,8.4,2011,9,0,2,9.5
2011-10-01,Manufacturing,7.7,2011,10,0,2,9.5
2011-11-01,Manufacturing,7.7,2011,11,0,2,9.5
2011-12-01,Manufacturing,7.9,2011,12,0,2,9.5
2012-01-01,Manufacturing,8.4,2012,1,0,2,9.5
2012-02-01,Manufacturing,8.4,2012,2,0,2,9.5
2012-03-01,Manufacturing,7.6,2012,3,0,2,9.5
2012-04-01,Manufacturing,6.9,2012,4,0,2,9.5
2012-05-01,Manufacturing,7.1,2012,5,0,2,9.5
2012-06-01,Manufacturing,6.9,2012,6,0,2,9.5
2012-07-01,Manufacturing,7.2,2012,7,0,2,9.5
2012-08-01,Manufacturing,7.3,2012,8,0,2,9.5
2012-09-01,Manufacturing,6.7,2012,9,0,2,9.5
2012-10-01,Manufacturing,7,2012,10,0,2,9.5
2012-11-01,Manufacturing,6.4,2012,11,0,2,9.5
2012-12-01,Manufacturing,7.5,2012,12,0,2,9.5
2013-01-01,Manufacturing,7.9,2013,1,0,2,9.5
2013-02-01,Manufacturing,7.2,2013,2,0,2,9.5
2013-03-01,Manufacturing,6.4,2013,3,0,2,9.5
2013-04-01,Manufacturing,6.4,2013,4,0,2,9.5
2013-05-01,Manufacturing,6.8,2013,5,0,2,9.5
2013-06-01,Manufacturing,6.4,2013,6,0,2,9.5
2013-07-01,Manufacturing,6.9,2013,7,0,2,9.5
2013-08-01,Manufacturing,6.2,2013,8,0,2,9.5
2013-09-01,Manufacturing,6.9,2013,9,0,2,9.5
2013-10-01,Manufacturing,6.2,2013,10,0,2,9.5
2013-11-01,Manufacturing,6.2,2013,11,0,2,9.5
2013-12-01,Manufacturing,5.5,2013,12,0,2,9.5
2014-01-01,Manufacturing,5.6,2014,1,0,2,9.5
2014-02-01,Manufacturing,5.5,2014,2,0,2,9.5
2014-03-01,Manufacturing,5.4,2014,3,0,2,9.5
2014-04-01,Manufacturing,5.2,2014,4,0,2,9.5
2014-05-01,Manufacturing,5.3,2014,5,0,2,9.5
2014-06-01,Manufacturing,4.4,2014,6,0,2,9.5
2014-07-01,Manufacturing,5.2,2014,7,0,2,9.5
2014-08-01,Manufacturing,5,2014,8,0,2,9.5
2014-09-01,Manufacturing,4.5,2014,9,0,2,9.5
2014-10-01,Manufacturing,4.3,2014,10,0,2,9.5
2014-11-01,Manufacturing,4.2,2014,11,0,2,9.5
2014-12-01,Manufacturing,3.9,2014,12,0,2,9.5
2015-01-01,Manufacturing,5.2,2015,1,0,2,9.5
2015-02-01,Manufacturing,5.2,2015,2,0,2,9.5
2015-03-01,Manufacturing,4.8,2015,3,0,2,9.5
2015-04-01,Manufacturing,4,2015,4,0,2,9.5
2015-05-01,Manufacturing,4.6,2015,5,0,2,9.5
2015-06-01,Manufacturing,3.9,2015,6,0,2,9.5
2015-07-01,Manufacturing,4.3,2015,7,0,2,9.5
2015-08-01,Manufacturing,4,2015,8,0,2,9.5
2015-09-01,Manufacturing,4.1,2015,9,0,2,9.5
2015-10-01,Manufacturing,4,2015,10,0,2,9.5
2015-11-01,Manufacturing,4,2015,11,0,2,9.5
2015-12-01,Manufacturing,4,2015,12,0,2,9.5
2016-01-01,Manufacturing,4.3,2016,1,0,2,9.5
2016-02-01,Manufacturing,4.7,2016,2,0,2,9.5
2016-03-01,Manufacturing,4.3,2016,3,0,2,9.5
2016-04-01,Manufacturing,4.5,2016,4,0,2,9.5
2016-05-01,Manufacturing,4.7,2016,5,0,2,9.5
2016-06-01,Manufacturing,3.7,2016,6,0,2,9.5
2016-07-01,Manufacturing,4.3,2016,7,0,2,9.5
2016-08-01,Manufacturing,4.2,2016,8,0,2,9.5
2016-09-01,Manufacturing,4.2,2016,9,0,2,9.5
2016-10-01,Manufacturing,4.3,2016,10,0,2,9.5
2016-11-01,Manufacturing,3.9,2016,11,0,2,9.5
2016-12-01,Manufacturing,4,2016,12,0,2,9.5
2017-01-01,Manufacturing,4.2,2017,1,0,2,9.5
2017-02-01,Manufacturing,4,2017,2,0,2,9.5
2017-03-01,Manufacturing,3.9,2017,3,0,2,9.5
2017-04-01,Manufacturing,3.9,2017,4,0,2,9.5
2017-05-01,Manufacturing,3.2,2017,5,0,2,9.5
2017-06-01,Manufacturing,3.4,2017,6,0,2,9.5
2017-07-01,Manufacturing,4,2017,7,0,2,9.5
2017-08-01,Manufacturing,3.9,2017,8,0,2,9.5
2017-09-01,Manufacturing,3.8,2017,9,0,2,9.5
2017-10-01,Manufacturing,3.2,2017,10,0,2,9.5
2017-11-01,Manufacturing,2.6,2017,11,0,2,9.5
2017-12-01,Manufacturing,3.3,2017,12,0,2,9.5
2018-01-01,Manufacturing,3.4,2018,1,0,2,9.5
2018-02-01,Manufacturing,3.6,2018,2,0,2,9.5
2018-03-01,Manufacturing,3.3,2018,3,0,2,9.5
2018-04-01,Manufacturing,3.3,2018,4,0,2,9.5
2018-05-01,Manufacturing,3.4,2018,5,0,2,9.5
2018-06-01,Manufacturing,3.1,2018,6,0,2,9.5
2018-07-01,Manufacturing,3.8,2018,7,0,2,9.5
2018-08-01,Manufacturing,3.2,2018,8,0,2,9.5
2018-09-01,Manufacturing,3.5,2018,9,0,2,9.5
2018-10-01,Manufacturing,3.2,2018,10,0,2,9.5
2018-11-01,Manufacturing,2.9,2018,11,0,2,9.5
2018-12-01,Manufacturing,2.8,2018,12,0,2,9.5
2019-01-01,Manufacturing,3.3,2019,1,0,2,9.5
2019-02-01,Manufacturing,2.9,2019,2,0,2,9.5
2019-03-01,Manufacturing,2.9,2019,3,0,2,9.5
2019-04-01,Manufacturing,3,2019,4,0,2,9.5
2019-05-01,Manufacturing,2.3,2019,5,0,2,9.5
2019-06-01,Manufacturing,2.8,2019,6,0,2,9.5
2019-07-01,Manufacturing,3,2019,7,0,2,9.5
2019-08-01,Manufacturing,3.2,2019,8,0,2,9.5
2019-09-01,Manufacturing,3.4,2019,9,0,2,9.5
2019-10-01,Manufacturing,3.1,2019,10,0,2,9.5
2019-11-01,Manufacturing,2.7,2019,11,0,2,9.5
2019-12-01,Manufacturing,2.7,2019,12,0,2,9.5
2020-01-01,Manufacturing,3.4,2020,1,0,2,9.5
2020-02-01,Manufacturing,3.9,2020,2,0,2,9.5
2020-03-01,Manufacturing,4.1,2020,3,0,2,9.5
2020-04-01,Manufacturing,13.2,2020,4,0,2,9.5
2020-05-01,Manufacturing,11.6,2020,5,0,2,9.5
2020-06-01,Manufacturing,9.1,2020,6,0,2,9.5
2020-07-01,Manufacturing,8.6,2020,7,0,2,9.5
2020-08-01,Manufacturing,6.7,2020,8,0,2,9.5
2020-09-01,Manufacturing,6.2,2020,9,0,2,9.5
2020-10-01,Manufacturing,5.2,2020,10,0,2,9.5
2020-11-01,Manufacturing,4.7,2020,11,0,2,9.5
2020-12-01,Manufacturing,4.3,2020,12,0,2,9.5
2021-01-01,Manufacturing,4.7,2021,1,0,2,9.5
2021-02-01,Manufacturing,4.8,2021,2,0,2,9.5
2021-03-01,Manufacturing,5.2,2021,3,0,2,9.5
2021-04-01,Manufacturing,5.8,2021,4,0,2,9.5
2021-05-01,Manufacturing,4.8,2021,5,0,2,9.5
2021-06-01,Manufacturing,5.4,2021,6,0,2,9.5
2021-07-01,Manufacturing,4.2,2021,7,0,2,9.5
2021-08-01,Manufacturing,3.6,2021,8,0,2,9.5
2021-09-01,Manufacturing,3.9,2021,9,0,2,9.5
2021-10-01,Manufacturing,3.3,2021,10,0,2,9.5
2021-11-01,Manufacturing,3.1,2021,11,0,2,9.5
2021-12-01,Manufacturing,2.8,2021,12,0,2,9.5
2022-01-01,Manufacturing,3.6,2022,1,0,2,9.5
2022-02-01,Manufacturing,3.2,2022,2,0,2,9.5
2022-03-01,Manufacturing,3.1,2022,3,0,2,9.5
2022-04-01,Manufacturing,3.2,2022,4,0,2,9.5
2022-05-01,Manufacturing,2.8,2022,5,0,2,9.5
2022-06-01,Manufacturing,3,2022,6,0,2,9.5
2022-07-01,Manufacturing,3.2,2022,7,0,2,9.5
2022-08-01,Manufacturing,3.3,2022,8,0,2,9.5
2022-09-01,Manufacturing,2.8,2022,9,0,2,9.5
2022-10-01,Manufacturing,3.1,2022,10,0,2,9.5
2022-11-01,Manufacturing,2.7,2022,11,0,2,9.5
2022-12-01,Manufacturing,1.8,2022,12,0,2,9.5
2023-01-01,Manufacturing,2.6,2023,1,0,2,9.5
2023-02-01,Manufacturing,3,2023,2,0,2,9.5
2023-03-01,Manufacturing,2.9,2023,3,0,2,9.5
2023-04-01,Manufacturing,2.8,2023,4,0,2,9.5
2023-05-01,Manufacturing,2.7,2023,5,0,2,9.5
2023-06-01,Manufacturing,2.6,2023,6,0,2,9.5
2023-07-01,Manufacturing,2.7,2023,7,0,2,9.5
2023-08-01,Manufacturing,2.7,2023,8,0,2,9.5
2023-09-01,Manufacturing,3.2,2023,9,0,2,9.5
2023-10-01,Manufacturing,3.1,2023,10,0,2,9.5
2023-11-01,Manufacturing,3.1,2023,11,0,2,9.5
2023-12-01,Manufacturing,3,2023,12,0,2,9.5
2024-01-01,Manufacturing,3.4,2024,1,0,2,9.5
2024-02-01,Manufacturing,3,2024,2,0,2,9.5
2024-03-01,Manufacturing,3,2024,3,0,2,9.5
2024-04-01,Manufacturing,2.7,2024,4,0,2,9.5
2024-05-01,Manufacturing,2.7,2024,5,0,2,9.5
2024-06-01,Manufacturing,3.1,2024,6,0,2,9.5
2024-07-01,Manufacturing,3.6,2024,7,0,2,9.5
2024-08-01,Manufacturing,3.5,2024,8,0,2,9.5
2024-09-01,Manufacturing,3.2,2024,9,0,2,9.5
2024-10-01,Manufacturing,3.6,2024,10,0,2,9.5
2024-11-01,Manufacturing,3.4,2024,11,0,2,9.5
2024-12-01,Manufacturing,3.5,2024,12,0,2,9.5
2025-01-01,Manufacturing,3.9,2025,1,0,2,9.5
2025-02-01,Manufacturing,2.9,2025,2,1,25,9.5
2025-03-01,Manufacturing,3.1,2025,3,1,25,9.5
2025-04-01,Manufacturing,3.6,2025,4,1,25,9.5
2025-05-01,Manufacturing,3.6,2025,5,1,25,9.5
2025-06-01,Manufacturing,3.6,2025,6,1,25,9.5
2025-07-01,Manufacturing,4.2,2025,7,1,25,9.5
2025-08-01,Manufacturing,3.8,2025,8,1,25,9.5
2025-09-01,Manufacturing,3.7,2025,9,1,25,9.5
2010-01-01,Construction,24.7,2010,1,0,2,6
2010-02-01,Construction,27.1,2010,2,0,2,6
2010-03-01,Construction,24.9,2010,3,0,2,6
2010-04-01,Construction,21.8,2010,4,0,2,6
2010-05-01,Construction,20.1,2010,5,0,2,6
2010-06-01,Construction,20.1,2010,6,0,2,6
2010-07-01,Construction,17.3,2010,7,0,2,6
2010-08-01,Construction,17,2010,8,0,2,6
2010-09-01,Construction,17.2,2010,9,0,2,6
2010-10-01,Construction,17.3,2010,10,0,2,6
2010-11-01,Construction,18.8,2010,11,0,2,6
2010-12-01,Construction,20.7,2010,12,0,2,6
2011-01-01,Construction,22.5,2011,1,0,2,6
2011-02-01,Construction,21.8,2011,2,0,2,6
2011-03-01,Construction,20,2011,3,0,2,6
2011-04-01,Construction,17.8,2011,4,0,2,6
2011-05-01,Construction,16.3,2011,5,0,2,6
2011-06-01,Construction,15.6,2011,6,0,2,6
2011-07-01,Construction,13.6,2011,7,0,2,6
2011-08-01,Construction,13.5,2011,8,0,2,6
2011-09-01,Construction,13.3,2011,9,0,2,6
2011-10-01,Construction,13.7,2011,10,0,2,6
2011-11-01,Construction,13.1,2011,11,0,2,6
2011-12-01,Construction,16,2011,12,0,2,6
2012-01-01,Construction,17.7,2012,1,0,2,6
2012-02-01,Construction,17.1,2012,2,0,2,6
2012-03-01,Construction,17.2,2012,3,0,2,6
2012-04-01,Construction,14.5,2012,4,0,2,6
2012-05-01,Construction,14.2,2012,5,0,2,6
2012-06-01,Construction,12.8,2012,6,0,2,6
2012-07-01,Construction,12.3,2012,7,0,2,6
2012-08-01,Construction,11.3,2012,8,0,2,6
2012-09-01,Construction,11.9,2012,9,0,2,6
2012-10-01,Construction,11.4,2012,10,0,2,6
2012-11-01,Construction,12.2,2012,11,0,2,6
2012-12-01,Construction,13.5,2012,12,0,2,6
2013-01-01,Construction,16.1,2013,1,0,2,6
2013-02-01,Construction,15.7,2013,2,0,2,6
2013-03-01,Construction,14.7,2013,3,0,2,6
2013-04-01,Construction,13.2,2013,4,0,2,6
2013-05-01,Construction,10.8,2013,5,0,2,6
2013-06-01,Construction,9.8,2013,6,0,2,6
2013-07-01,Construction,9.1,2013,7,0,2,6
2013-08-01,Construction,9.1,2013,8,0,2,6
2013-09-01,Construction,8.5,2013,9,0,2,6
2013-10-01,Construction,9,2013,10,0,2,6
2013-11-01,Construction,8.6,2013,11,0,2,6
2013-12-01,Construction,11.4,2013,12,0,2,6
2014-01-01,Construction,12.3,2014,1,0,2,6
2014-02-01,Construction,12.8,2014,2,0,2,6
2014-03-01,Construction,11.3,2014,3,0,2,6
2014-04-01,Construction,9.4,2014,4,0,2,6
2014-05-01,Construction,8.6,2014,5,0,2,6
2014-06-01,Construction,8.2,2014,6,0,2,6
2014-07-01,Construction,7.5,2014,7,0,2,6
2014-08-01,Construction,7.7,2014,8,0,2,6
2014-09-01,Construction,7,2014,9,0,2,6
2014-10-01,Construction,6.4,2014,10,0,2,6
2014-11-01,Construction,7.5,2014,11,0,2,6
2014-12-01,Construction,8.3,2014,12,0,2,6
2015-01-01,Construction,9.8,2015,1,0,2,6
2015-02-01,Construction,10.6,2015,2,0,2,6
2015-03-01,Construction,9.5,2015,3,0,2,6
2015-04-01,Construction,7.5,2015,4,0,2,6
2015-05-01,Construction,6.7,2015,5,0,2,6
2015-06-01,Construction,6.3,2015,6,0,2,6
2015-07-01,Construction,5.5,2015,7,0,2,6
2015-08-01,Construction,6.1,2015,8,0,2,6
2015-09-01,Construction,5.5,2015,9,0,2,6
2015-10-01,Construction,6.2,2015,10,0,2,6
2015-11-01,Construction,6.2,2015,11,0,2,6
2015-12-01,Construction,7.5,2015,12,0,2,6
2016-01-01,Construction,8.5,2016,1,0,2,6
2016-02-01,Construction,8.7,2016,2,0,2,6
2016-03-01,Construction,8.7,2016,3,0,2,6
2016-04-01,Construction,6,2016,4,0,2,6
2016-05-01,Construction,5.2,2016,5,0,2,6
2016-06-01,Construction,4.6,2016,6,0,2,6
2016-07-01,Construction,4.5,2016,7,0,2,6
2016-08-01,Construction,5.1,2016,8,0,2,6
2016-09-01,Construction,5.2,2016,9,0,2,6
2016-10-01,Construction,5.7,2016,10,0,2,6
2016-11-01,Construction,5.7,2016,11,0,2,6
2016-12-01,Construction,7.4,2016,12,0,2,6
2017-01-01,Construction,9.4,2017,1,0,2,6
2017-02-01,Construction,8.8,2017,2,0,2,6
2017-03-01,Construction,8.4,2017,3,0,2,6
2017-04-01,Construction,6.3,2017,4,0,2,6
2017-05-01,Construction,5.3,2017,5,0,2,6
2017-06-01,Construction,4.5,2017,6,0,2,6
2017-07-01,Construction,4.9,2017,7,0,2,6
2017-08-01,Construction,4.7,2017,8,0,2,6
2017-09-01,Construction,4.7,2017,9,0,2,6
2017-10-01,Construction,4.5,2017,10,0,2,6
2017-11-01,Construction,5,2017,11,0,2,6
2017-12-01,Construction,5.9,2017,12,0,2,6
2018-01-01,Construction,7.3,2018,1,0,2,6
2018-02-01,Construction,7.8,2018,2,0,2,6
2018-03-01,Construction,7.4,2018,3,0,2,6
2018-04-01,Construction,6.5,2018,4,0,2,6
2018-05-01,Construction,4.4,2018,5,0,2,6
2018-06-01,Construction,4.7,2018,6,0,2,6
2018-07-01,Construction,3.4,2018,7,0,2,6
2018-08-01,Construction,3.4,2018,8,0,2,6
2018-09-01,Construction,4.1,2018,9,0,2,6
2018-10-01,Construction,3.6,2018,10,0,2,6
2018-11-01,Construction,3.9,2018,11,0,2,6
2018-12-01,Construction,5.1,2018,12,0,2,6
2019-01-01,Construction,6.4,2019,1,0,2,6
2019-02-01,Construction,6.2,2019,2,0,2,6
2019-03-01,Construction,5.2,2019,3,0,2,6
2019-04-01,Construction,4.7,2019,4,0,2,6
2019-05-01,Construction,3.2,2019,5,0,2,6
2019-06-01,Construction,4,2019,6,0,2,6
2019-07-01,Construction,3.8,2019,7,0,2,6
2019-08-01,Construction,3.6,2019,8,0,2,6
2019-09-01,Construction,3.2,2019,9,0,2,6
2019-10-01,Construction,4,2019,10,0,2,6
2019-11-01,Construction,4.4,2019,11,0,2,6
2019-12-01,Construction,5,2019,12,0,2,6
2020-01-01,Construction,5.4,2020,1,0,2,6
2020-02-01,Construction,5.5,2020,2,0,2,6
2020-03-01,Construction,6.9,2020,3,0,2,6
2020-04-01,Construction,16.6,2020,4,0,2,6
2020-05-01,Construction,12.7,2020,5,0,2,6
2020-06-01,Construction,10.1,2020,6,0,2,6
2020-07-01,Construction,8.9,2020,7,0,2,6
2020-08-01,Construction,7.6,2020,8,0,2,6
2020-09-01,Construction,7.1,2020,9,0,2,6
2020-10-01,Construction,6.8,2020,10,0,2,6
2020-11-01,Construction,7.3,2020,11,0,2,6
2020-12-01,Construction,9.6,2020,12,0,2,6
2021-01-01,Construction,9.4,2021,1,0,2,6
2021-02-01,Construction,9.6,2021,2,0,2,6
2021-03-01,Construction,8.6,2021,3,0,2,6
2021-04-01,Construction,7.7,2021,4,0,2,6
2021-05-01,Construction,6.7,2021,5,0,2,6
2021-06-01,Construction,7.5,2021,6,0,2,6
2021-07-01,Construction,6.1,2021,7,0,2,6
2021-08-01,Construction,4.6,2021,8,0,2,6
2021-09-01,Construction,4.5,2021,9,0,2,6
2021-10-01,Construction,4,2021,10,0,2,6
2021-11-01,Construction,4.7,2021,11,0,2,6
2021-12-01,Construction,5,2021,12,0,2,6
2022-01-01,Construction,7.1,2022,1,0,2,6
2022-02-01,Construction,6.7,2022,2,0,2,6
2022-03-01,Construction,6,2022,3,0,2,6
2022-04-01,Construction,4.6,2022,4,0,2,6
2022-05-01,Construction,3.8,2022,5,0,2,6
2022-06-01,Construction,3.7,2022,6,0,2,6
2022-07-01,Construction,3.5,2022,7,0,2,6
2022-08-01,Construction,3.9,2022,8,0,2,6
2022-09-01,Construction,3.4,2022,9,0,2,6
2022-10-01,Construction,4.1,2022,10,0,2,6
2022-11-01,Construction,3.9,2022,11,0,2,6
2022-12-01,Construction,4.4,2022,12,0,2,6
2023-01-01,Construction,6.9,2023,1,0,2,6
2023-02-01,Construction,6.6,2023,2,0,2,6
2023-03-01,Construction,5.6,2023,3,0,2,6
2023-04-01,Construction,4.1,2023,4,0,2,6
2023-05-01,Construction,3.5,2023,5,0,2,6
2023-06-01,Construction,3.6,2023,6,0,2,6
2023-07-01,Construction,3.9,2023,7,0,2,6
2023-08-01,Construction,3.9,2023,8,0,2,6
2023-09-01,Construction,3.8,2023,9,0,2,6
2023-10-01,Construction,4,2023,10,0,2,6
2023-11-01,Construction,4.8,2023,11,0,2,6
2023-12-01,Construction,4.4,2023,12,0,2,6
2024-01-01,Construction,6.9,2024,1,0,2,6
2024-02-01,Construction,7,2024,2,0,2,6
2024-03-01,Construction,5.4,2024,3,0,2,6
2024-04-01,Construction,5.2,2024,4,0,2,6
2024-05-01,Construction,3.9,2024,5,0,2,6
2024-06-01,Construction,3.3,2024,6,0,2,6
2024-07-01,Construction,3.9,2024,7,0,2,6
2024-08-01,Construction,3.2,2024,8,0,2,6
2024-09-01,Construction,3.7,2024,9,0,2,6
2024-10-01,Construction,4.2,2024,10,0,2,6
2024-11-01,Construction,4.6,2024,11,0,2,6
2024-12-01,Construction,5.2,2024,12,0,2,6
2025-01-01,Construction,6.5,2025,1,0,2,6
2025-02-01,Construction,7.2,2025,2,1,15,6
2025-03-01,Construction,5.4,2025,3,1,15,6
2025-04-01,Construction,5.6,2025,4,1,15,6
2025-05-01,Construction,3.5,2025,5,1,15,6
2025-06-01,Construction,3.4,2025,6,1,15,6
2025-07-01,Construction,3.4,2025,7,1,15,6
2025-08-01,Construction,3.2,2025,8,1,15,6
2025-09-01,Construction,3.8,2025,9,1,15,6
2010-01-01,Information,10,2010,1,0,2,7.5
2010-02-01,Information,10,2010,2,0,2,7.5
2010-03-01,Information,10.4,2010,3,0,2,7.5
2010-04-01,Information,9.4,2010,4,0,2,7.5
2010-05-01,Information,9.8,2010,5,0,2,7.5
2010-06-01,Information,8.8,2010,6,0,2,7.5
2010-07-01,Information,10.6,2010,7,0,2,7.5
2010-08-01,Information,9.7,2010,8,0,2,7.5
2010-09-01,Information,10.8,2010,9,0,2,7.5
2010-10-01,Information,9.8,2010,10,0,2,7.5
2010-11-01,Information,8.8,2010,11,0,2,7.5
2010-12-01,Information,8.1,2010,12,0,2,7.5
2011-01-01,Information,7.3,2011,1,0,2,7.5
2011-02-01,Information,6.7,2011,2,0,2,7.5
2011-03-01,Information,7.6,2011,3,0,2,7.5
2011-04-01,Information,7.1,2011,4,0,2,7.5
2011-05-01,Information,7.3,2011,5,0,2,7.5
2011-06-01,Information,7.9,2011,6,0,2,7.5
2011-07-01,Information,7.6,2011,7,0,2,7.5
2011-08-01,Information,6.9,2011,8,0,2,7.5
2011-09-01,Information,7.4,2011,9,0,2,7.5
2011-10-01,Information,6.6,2011,10,0,2,7.5
2011-11-01,Information,7.4,2011,11,0,2,7.5
2011-12-01,Information,7.7,2011,12,0,2,7.5
2012-01-01,Information,7.9,2012,1,0,2,7.5
2012-02-01,Information,8.4,2012,2,0,2,7.5
2012-03-01,Information,8,2012,3,0,2,7.5
2012-04-01,Information,8.3,2012,4,0,2,7.5
2012-05-01,Information,7.8,2012,5,0,2,7.5
2012-06-01,Information,7.1,2012,6,0,2,7.5
2012-07-01,Information,6.7,2012,7,0,2,7.5
2012-08-01,Information,7.3,2012,8,0,2,7.5
2012-09-01,Information,7.3,2012,9,0,2,7.5
2012-10-01,Information,7.7,2012,10,0,2,7.5
2012-11-01,Information,6.8,2012,11,0,2,7.5
2012-12-01,Information,8,2012,12,0,2,7.5
2013-01-01,Information,8.2,2013,1,0,2,7.5
2013-02-01,Information,5.2,2013,2,0,2,7.5
2013-03-01,Information,5.2,2013,3,0,2,7.5
2013-04-01,Information,5.4,2013,4,0,2,7.5
2013-05-01,Information,6.4,2013,5,0,2,7.5
2013-06-01,Information,5.6,2013,6,0,2,7.5
2013-07-01,Information,5.8,2013,7,0,2,7.5
2013-08-01,Information,6.6,2013,8,0,2,7.5
2013-09-01,Information,6.6,2013,9,0,2,7.5
2013-10-01,Information,7.9,2013,10,0,2,7.5
2013-11-01,Information,6.4,2013,11,0,2,7.5
2013-12-01,Information,4.8,2013,12,0,2,7.5
2014-01-01,Information,6.6,2014,1,0,2,7.5
2014-02-01,Information,4.8,2014,2,0,2,7.5
2014-03-01,Information,5.1,2014,3,0,2,7.5
2014-04-01,Information,5.7,2014,4,0,2,7.5
2014-05-01,Information,5.5,2014,5,0,2,7.5
2014-06-01,Information,5.2,2014,6,0,2,7.5
2014-07-01,Information,4.5,2014,7,0,2,7.5
2014-08-01,Information,4.5,2014,8,0,2,7.5
2014-09-01,Information,4.4,2014,9,0,2,7.5
2014-10-01,Information,4.7,2014,10,0,2,7.5
2014-11-01,Information,5.6,2014,11,0,2,7.5
2014-12-01,Information,5.7,2014,12,0,2,7.5
2015-01-01,Information,4.4,2015,1,0,2,7.5
2015-02-01,Information,4.5,2015,2,0,2,7.5
2015-03-01,Information,3,2015,3,0,2,7.5
2015-04-01,Information,3.2,2015,4,0,2,7.5
2015-05-01,Information,3.3,2015,5,0,2,7.5
2015-06-01,Information,3.9,2015,6,0,2,7.5
2015-07-01,Information,4.1,2015,7,0,2,7.5
2015-08-01,Information,5.2,2015,8,0,2,7.5
2015-09-01,Information,4.7,2015,9,0,2,7.5
2015-10-01,Information,3,2015,10,0,2,7.5
2015-11-01,Information,4.3,2015,11,0,2,7.5
2015-12-01,Information,2.9,2015,12,0,2,7.5
2016-01-01,Information,4.6,2016,1,0,2,7.5
2016-02-01,Information,3.7,2016,2,0,2,7.5
2016-03-01,Information,4.4,2016,3,0,2,7.5
2016-04-01,Information,4.8,2016,4,0,2,7.5
2016-05-01,Information,5.2,2016,5,0,2,7.5
2016-06-01,Information,4.7,2016,6,0,2,7.5
2016-07-01,Information,5.7,2016,7,0,2,7.5
2016-08-01,Information,5,2016,8,0,2,7.5
2016-09-01,Information,5.2,2016,9,0,2,7.5
2016-10-01,Information,4.1,2016,10,0,2,7.5
2016-11-01,Information,4.2,2016,11,0,2,7.5
2016-12-01,Information,3.1,2016,12,0,2,7.5
2017-01-01,Information,4.9,2017,1,0,2,7.5
2017-02-01,Information,3.9,2017,2,0,2,7.5
2017-03-01,Information,4,2017,3,0,2,7.5
2017-04-01,Information,4.1,2017,4,0,2,7.5
2017-05-01,Information,4.7,2017,5,0,2,7.5
2017-06-01,Information,4.8,2017,6,0,2,7.5
2017-07-01,Information,4.3,2017,7,0,2,7.5
2017-08-01,Information,5.1,2017,8,0,2,7.5
2017-09-01,Information,5.1,2017,9,0,2,7.5
2017-10-01,Information,3.9,2017,10,0,2,7.5
2017-11-01,Information,5.2,2017,11,0,2,7.5
2017-12-01,Information,3.8,2017,12,0,2,7.5
2018-01-01,Information,5.3,2018,1,0,2,7.5
2018-02-01,Information,3.2,2018,2,0,2,7.5
2018-03-01,Information,4.1,2018,3,0,2,7.5
2018-04-01,Information,2.3,2018,4,0,2,7.5
2018-05-01,Information,3.5,2018,5,0,2,7.5
2018-06-01,Information,4.6,2018,6,0,2,7.5
2018-07-01,Information,4.2,2018,7,0,2,7.5
2018-08-01,Information,3.5,2018,8,0,2,7.5
2018-09-01,Information,2.3,2018,9,0,2,7.5
2018-10-01,Information,3.2,2018,10,0,2,7.5
2018-11-01,Information,3.8,2018,11,0,2,7.5
2018-12-01,Information,3.9,2018,12,0,2,7.5
2019-01-01,Information,4.7,2019,1,0,2,7.5
2019-02-01,Information,4.1,2019,2,0,2,7.5
2019-03-01,Information,4,2019,3,0,2,7.5
2019-04-01,Information,3.5,2019,4,0,2,7.5
2019-05-01,Information,3,2019,5,0,2,7.5
2019-06-01,Information,2.7,2019,6,0,2,7.5
2019-07-01,Information,3.9,2019,7,0,2,7.5
2019-08-01,Information,4.7,2019,8,0,2,7.5
2019-09-01,Information,4.4,2019,9,0,2,7.5
2019-10-01,Information,3.3,2019,10,0,2,7.5
2019-11-01,Information,1.6,2019,11,0,2,7.5
2019-12-01,Information,1.9,2019,12,0,2,7.5
2020-01-01,Information,2.3,2020,1,0,2,7.5
2020-02-01,Information,2.6,2020,2,0,2,7.5
2020-03-01,Information,1.8,2020,3,0,2,7.5
2020-04-01,Information,11,2020,4,0,2,7.5
2020-05-01,Information,10.9,2020,5,0,2,7.5
2020-06-01,Information,12,2020,6,0,2,7.5
2020-07-01,Information,12.3,2020,7,0,2,7.5
2020-08-01,Information,8.6,2020,8,0,2,7.5
2020-09-01,Information,8.6,2020,9,0,2,7.5
2020-10-01,Information,5.8,2020,10,0,2,7.5
2020-11-01,Information,8.2,2020,11,0,2,7.5
2020-12-01,Information,6.4,2020,12,0,2,7.5
2021-01-01,Information,7.4,2021,1,0,2,7.5
2021-02-01,Information,6.2,2021,2,0,2,7.5
2021-03-01,Information,6.6,2021,3,0,2,7.5
2021-04-01,Information,5.9,2021,4,0,2,7.5
2021-05-01,Information,5.8,2021,5,0,2,7.5
2021-06-01,Information,6.1,2021,6,0,2,7.5
2021-07-01,Information,5.6,2021,7,0,2,7.5
2021-08-01,Information,4.4,2021,8,0,2,7.5
2021-09-01,Information,4,2021,9,0,2,7.5
2021-10-01,Information,3.5,2021,10,0,2,7.5
2021-11-01,Information,4.1,2021,11,0,2,7.5
2021-12-01,Information,4.9,2021,12,0,2,7.5
2022-01-01,Information,4.2,2022,1,0,2,7.5
2022-02-01,Information,3.7,2022,2,0,2,7.5
2022-03-01,Information,2.3,2022,3,0,2,7.5
2022-04-01,Information,2.7,2022,4,0,2,7.5
2022-05-01,Information,2.9,2022,5,0,2,7.5
2022-06-01,Information,3.1,2022,6,0,2,7.5
2022-07-01,Information,2.4,2022,7,0,2,7.5
2022-08-01,Information,3.2,2022,8,0,2,7.5
2022-09-01,Information,3.2,2022,9,0,2,7.5
2022-10-01,Information,3.3,2022,10,0,2,7.5
2022-11-01,Information,2.1,2022,11,0,2,7.5
2022-12-01,Information,2.4,2022,12,0,2,7.5
2023-01-01,Information,3.9,2023,1,0,2,7.5
2023-02-01,Information,3.2,2023,2,0,2,7.5
2023-03-01,Information,3.1,2023,3,0,2,7.5
2023-04-01,Information,1.4,2023,4,0,2,7.5
2023-05-01,Information,2.5,2023,5,0,2,7.5
2023-06-01,Information,3.1,2023,6,0,2,7.5
2023-07-01,Information,2.4,2023,7,0,2,7.5
2023-08-01,Information,4.1,2023,8,0,2,7.5
2023-09-01,Information,4.3,2023,9,0,2,7.5
2023-10-01,Information,3.7,2023,10,0,2,7.5
2023-11-01,Information,3.7,2023,11,0,2,7.5
2023-12-01,Information,3.1,2023,12,0,2,7.5
2024-01-01,Information,5.5,2024,1,0,2,7.5
2024-02-01,Information,4.3,2024,2,0,2,7.5
2024-03-01,Information,3.6,2024,3,0,2,7.5
2024-04-01,Information,5,2024,4,0,2,7.5
2024-05-01,Information,4.7,2024,5,0,2,7.5
2024-06-01,Information,5.9,2024,6,0,2,7.5
2024-07-01,Information,5.6,2024,7,0,2,7.5
2024-08-01,Information,6,2024,8,0,2,7.5
2024-09-01,Information,3.8,2024,9,0,2,7.5
2024-10-01,Information,2.7,2024,10,0,2,7.5
2024-11-01,Information,2.3,2024,11,0,2,7.5
2024-12-01,Information,3.9,2024,12,0,2,7.5
2025-01-01,Information,5.7,2025,1,0,2,7.5
2025-02-01,Information,5.4,2025,2,1,5,7.5
2025-03-01,Information,5,2025,3,1,5,7.5
2025-04-01,Information,4.6,2025,4,1,5,7.5
2025-05-01,Information,5.5,2025,5,1,5,7.5
2025-06-01,Information,4,2025,6,1,5,7.5
2025-07-01,Information,5.5,2025,7,1,5,7.5
2025-08-01,Information,4.5,2025,8,1,5,7.5
2025-09-01,Information,7,2025,9,1,5,7.5
2010-01-01,Leisure_Hospitality,14.2,2010,1,0,2,2
2010-02-01,Leisure_Hospitality,12.7,2010,2,0,2,2
2010-03-01,Leisure_Hospitality,12.5,2010,3,0,2,2
2010-04-01,Leisure_Hospitality,12.8,2010,4,0,2,2
2010-05-01,Leisure_Hospitality,12.4,2010,5,0,2,2
2010-06-01,Leisure_Hospitality,12.3,2010,6,0,2,2
2010-07-01,Leisure_Hospitality,11.4,2010,7,0,2,2
2010-08-01,Leisure_Hospitality,10.8,2010,8,0,2,2
2010-09-01,Leisure_Hospitality,11.4,2010,9,0,2,2
2010-10-01,Leisure_Hospitality,11.1,2010,10,0,2,2
2010-11-01,Leisure_Hospitality,12.4,2010,11,0,2,2
2010-12-01,Leisure_Hospitality,12,2010,12,0,2,2
2011-01-01,Leisure_Hospitality,13.8,2011,1,0,2,2
2011-02-01,Leisure_Hospitality,13.8,2011,2,0,2,2
2011-03-01,Leisure_Hospitality,13.2,2011,3,0,2,2
2011-04-01,Leisure_Hospitality,11.7,2011,4,0,2,2
2011-05-01,Leisure_Hospitality,10.6,2011,5,0,2,2
2011-06-01,Leisure_Hospitality,10.9,2011,6,0,2,2
2011-07-01,Leisure_Hospitality,10.9,2011,7,0,2,2
2011-08-01,Leisure_Hospitality,10.5,2011,8,0,2,2
2011-09-01,Leisure_Hospitality,11.3,2011,9,0,2,2
2011-10-01,Leisure_Hospitality,10.8,2011,10,0,2,2
2011-11-01,Leisure_Hospitality,11.1,2011,11,0,2,2
2011-12-01,Leisure_Hospitality,10.8,2011,12,0,2,2
2012-01-01,Leisure_Hospitality,12.6,2012,1,0,2,2
2012-02-01,Leisure_Hospitality,11.6,2012,2,0,2,2
2012-03-01,Leisure_Hospitality,10.9,2012,3,0,2,2
2012-04-01,Leisure_Hospitality,9.8,2012,4,0,2,2
2012-05-01,Leisure_Hospitality,9.7,2012,5,0,2,2
2012-06-01,Leisure_Hospitality,9.8,2012,6,0,2,2
2012-07-01,Leisure_Hospitality,9.7,2012,7,0,2,2
2012-08-01,Leisure_Hospitality,10.1,2012,8,0,2,2
2012-09-01,Leisure_Hospitality,9.7,2012,9,0,2,2
2012-10-01,Leisure_Hospitality,9.9,2012,10,0,2,2
2012-11-01,Leisure_Hospitality,10.3,2012,11,0,2,2
2012-12-01,Leisure_Hospitality,10.8,2012,12,0,2,2
2013-01-01,Leisure_Hospitality,12,2013,1,0,2,2
2013-02-01,Leisure_Hospitality,11.2,2013,2,0,2,2
2013-03-01,Leisure_Hospitality,10.8,2013,3,0,2,2
2013-04-01,Leisure_Hospitality,9.6,2013,4,0,2,2
2013-05-01,Leisure_Hospitality,10.4,2013,5,0,2,2
2013-06-01,Leisure_Hospitality,10.7,2013,6,0,2,2
2013-07-01,Leisure_Hospitality,10,2013,7,0,2,2
2013-08-01,Leisure_Hospitality,9.3,2013,8,0,2,2
2013-09-01,Leisure_Hospitality,9,2013,9,0,2,2
2013-10-01,Leisure_Hospitality,8.8,2013,10,0,2,2
2013-11-01,Leisure_Hospitality,9,2013,11,0,2,2
2013-12-01,Leisure_Hospitality,9,2013,12,0,2,2
2014-01-01,Leisure_Hospitality,9.5,2014,1,0,2,2
2014-02-01,Leisure_Hospitality,10.3,2014,2,0,2,2
2014-03-01,Leisure_Hospitality,10.2,2014,3,0,2,2
2014-04-01,Leisure_Hospitality,8,2014,4,0,2,2
2014-05-01,Leisure_Hospitality,8.1,2014,5,0,2,2
2014-06-01,Leisure_Hospitality,8.6,2014,6,0,2,2
2014-07-01,Leisure_Hospitality,8.1,2014,7,0,2,2
2014-08-01,Leisure_Hospitality,8.1,2014,8,0,2,2
2014-09-01,Leisure_Hospitality,8.3,2014,9,0,2,2
2014-10-01,Leisure_Hospitality,8.5,2014,10,0,2,2
2014-11-01,Leisure_Hospitality,8.2,2014,11,0,2,2
2014-12-01,Leisure_Hospitality,7.5,2014,12,0,2,2
2015-01-01,Leisure_Hospitality,9.4,2015,1,0,2,2
2015-02-01,Leisure_Hospitality,8.8,2015,2,0,2,2
2015-03-01,Leisure_Hospitality,8.6,2015,3,0,2,2
2015-04-01,Leisure_Hospitality,7.8,2015,4,0,2,2
2015-05-01,Leisure_Hospitality,7.9,2015,5,0,2,2
2015-06-01,Leisure_Hospitality,7.5,2015,6,0,2,2
2015-07-01,Leisure_Hospitality,7.7,2015,7,0,2,2
2015-08-01,Leisure_Hospitality,7.2,2015,8,0,2,2
2015-09-01,Leisure_Hospitality,7.5,2015,9,0,2,2
2015-10-01,Leisure_Hospitality,8,2015,10,0,2,2
2015-11-01,Leisure_Hospitality,7.4,2015,11,0,2,2
2015-12-01,Leisure_Hospitality,7.4,2015,12,0,2,2
2016-01-01,Leisure_Hospitality,7.7,2016,1,0,2,2
2016-02-01,Leisure_Hospitality,7.1,2016,2,0,2,2
2016-03-01,Leisure_Hospitality,7.2,2016,3,0,2,2
2016-04-01,Leisure_Hospitality,6.5,2016,4,0,2,2
2016-05-01,Leisure_Hospitality,6.6,2016,5,0,2,2
2016-06-01,Leisure_Hospitality,6.6,2016,6,0,2,2
2016-07-01,Leisure_Hospitality,6,2016,7,0,2,2
2016-08-01,Leisure_Hospitality,6.6,2016,8,0,2,2
2016-09-01,Leisure_Hospitality,6.5,2016,9,0,2,2
2016-10-01,Leisure_Hospitality,6.7,2016,10,0,2,2
2016-11-01,Leisure_Hospitality,7.1,2016,11,0,2,2
2016-12-01,Leisure_Hospitality,6.4,2016,12,0,2,2
2017-01-01,Leisure_Hospitality,7.9,2017,1,0,2,2
2017-02-01,Leisure_Hospitality,7,2017,2,0,2,2
2017-03-01,Leisure_Hospitality,6.3,2017,3,0,2,2
2017-04-01,Leisure_Hospitality,5.9,2017,4,0,2,2
2017-05-01,Leisure_Hospitality,6.3,2017,5,0,2,2
2017-06-01,Leisure_Hospitality,6.1,2017,6,0,2,2
2017-07-01,Leisure_Hospitality,4.9,2017,7,0,2,2
2017-08-01,Leisure_Hospitality,5.2,2017,8,0,2,2
2017-09-01,Leisure_Hospitality,5,2017,9,0,2,2
2017-10-01,Leisure_Hospitality,5.8,2017,10,0,2,2
2017-11-01,Leisure_Hospitality,6.6,2017,11,0,2,2
2017-12-01,Leisure_Hospitality,6.2,2017,12,0,2,2
2018-01-01,Leisure_Hospitality,6.8,2018,1,0,2,2
2018-02-01,Leisure_Hospitality,6.8,2018,2,0,2,2
2018-03-01,Leisure_Hospitality,5.8,2018,3,0,2,2
2018-04-01,Leisure_Hospitality,5.2,2018,4,0,2,2
2018-05-01,Leisure_Hospitality,4.9,2018,5,0,2,2
2018-06-01,Leisure_Hospitality,5.7,2018,6,0,2,2
2018-07-01,Leisure_Hospitality,5.2,2018,7,0,2,2
2018-08-01,Leisure_Hospitality,5.8,2018,8,0,2,2
2018-09-01,Leisure_Hospitality,5.4,2018,9,0,2,2
2018-10-01,Leisure_Hospitality,5.4,2018,10,0,2,2
2018-11-01,Leisure_Hospitality,5.3,2018,11,0,2,2
2018-12-01,Leisure_Hospitality,6,2018,12,0,2,2
2019-01-01,Leisure_Hospitality,6.4,2019,1,0,2,2
2019-02-01,Leisure_Hospitality,5.8,2019,2,0,2,2
2019-03-01,Leisure_Hospitality,5.8,2019,3,0,2,2
2019-04-01,Leisure_Hospitality,4.5,2019,4,0,2,2
2019-05-01,Leisure_Hospitality,5,2019,5,0,2,2
2019-06-01,Leisure_Hospitality,4.9,2019,6,0,2,2
2019-07-01,Leisure_Hospitality,5.3,2019,7,0,2,2
2019-08-01,Leisure_Hospitality,5,2019,8,0,2,2
2019-09-01,Leisure_Hospitality,4.8,2019,9,0,2,2
2019-10-01,Leisure_Hospitality,5.3,2019,10,0,2,2
2019-11-01,Leisure_Hospitality,4.9,2019,11,0,2,2
2019-12-01,Leisure_Hospitality,5,2019,12,0,2,2
2020-01-01,Leisure_Hospitality,5.9,2020,1,0,2,2
2020-02-01,Leisure_Hospitality,5.7,2020,2,0,2,2
2020-03-01,Leisure_Hospitality,8.1,2020,3,0,2,2
2020-04-01,Leisure_Hospitality,39.3,2020,4,0,2,2
2020-05-01,Leisure_Hospitality,35.9,2020,5,0,2,2
2020-06-01,Leisure_Hospitality,28.9,2020,6,0,2,2
2020-07-01,Leisure_Hospitality,25,2020,7,0,2,2
2020-08-01,Leisure_Hospitality,21.3,2020,8,0,2,2
2020-09-01,Leisure_Hospitality,19,2020,9,0,2,2
2020-10-01,Leisure_Hospitality,16.3,2020,10,0,2,2
2020-11-01,Leisure_Hospitality,15,2020,11,0,2,2
2020-12-01,Leisure_Hospitality,16.7,2020,12,0,2,2
2021-01-01,Leisure_Hospitality,15.9,2021,1,0,2,2
2021-02-01,Leisure_Hospitality,13.5,2021,2,0,2,2
2021-03-01,Leisure_Hospitality,13,2021,3,0,2,2
2021-04-01,Leisure_Hospitality,10.8,2021,4,0,2,2
2021-05-01,Leisure_Hospitality,10.1,2021,5,0,2,2
2021-06-01,Leisure_Hospitality,10.9,2021,6,0,2,2
2021-07-01,Leisure_Hospitality,9,2021,7,0,2,2
2021-08-01,Leisure_Hospitality,9.1,2021,8,0,2,2
2021-09-01,Leisure_Hospitality,7.7,2021,9,0,2,2
2021-10-01,Leisure_Hospitality,7.5,2021,10,0,2,2
2021-11-01,Leisure_Hospitality,7.5,2021,11,0,2,2
2021-12-01,Leisure_Hospitality,6.7,2021,12,0,2,2
2022-01-01,Leisure_Hospitality,8.2,2022,1,0,2,2
2022-02-01,Leisure_Hospitality,6.6,2022,2,0,2,2
2022-03-01,Leisure_Hospitality,5.9,2022,3,0,2,2
2022-04-01,Leisure_Hospitality,4.8,2022,4,0,2,2
2022-05-01,Leisure_Hospitality,5.1,2022,5,0,2,2
2022-06-01,Leisure_Hospitality,5.2,2022,6,0,2,2
2022-07-01,Leisure_Hospitality,4.8,2022,7,0,2,2
2022-08-01,Leisure_Hospitality,6.1,2022,8,0,2,2
2022-09-01,Leisure_Hospitality,5.9,2022,9,0,2,2
2022-10-01,Leisure_Hospitality,5.5,2022,10,0,2,2
2022-11-01,Leisure_Hospitality,5.8,2022,11,0,2,2
2022-12-01,Leisure_Hospitality,5.4,2022,12,0,2,2
2023-01-01,Leisure_Hospitality,6,2023,1,0,2,2
2023-02-01,Leisure_Hospitality,5.2,2023,2,0,2,2
2023-03-01,Leisure_Hospitality,5,2023,3,0,2,2
2023-04-01,Leisure_Hospitality,5,2023,4,0,2,2
2023-05-01,Leisure_Hospitality,5.2,2023,5,0,2,2
2023-06-01,Leisure_Hospitality,5.1,2023,6,0,2,2
2023-07-01,Leisure_Hospitality,5.8,2023,7,0,2,2
2023-08-01,Leisure_Hospitality,5.8,2023,8,0,2,2
2023-09-01,Leisure_Hospitality,5.4,2023,9,0,2,2
2023-10-01,Leisure_Hospitality,5.5,2023,10,0,2,2
2023-11-01,Leisure_Hospitality,5.5,2023,11,0,2,2
2023-12-01,Leisure_Hospitality,4.8,2023,12,0,2,2
2024-01-01,Leisure_Hospitality,6,2024,1,0,2,2
2024-02-01,Leisure_Hospitality,5.9,2024,2,0,2,2
2024-03-01,Leisure_Hospitality,5.5,2024,3,0,2,2
2024-04-01,Leisure_Hospitality,5.7,2024,4,0,2,2
2024-05-01,Leisure_Hospitality,5.9,2024,5,0,2,2
2024-06-01,Leisure_Hospitality,5.2,2024,6,0,2,2
2024-07-01,Leisure_Hospitality,5.5,2024,7,0,2,2
2024-08-01,Leisure_Hospitality,5.5,2024,8,0,2,2
2024-09-01,Leisure_Hospitality,5.6,2024,9,0,2,2
2024-10-01,Leisure_Hospitality,6,2024,10,0,2,2
2024-11-01,Leisure_Hospitality,6.2,2024,11,0,2,2
2024-12-01,Leisure_Hospitality,5.4,2024,12,0,2,2
2025-01-01,Leisure_Hospitality,7.4,2025,1,0,2,2
2025-02-01,Leisure_Hospitality,7.4,2025,2,1,0,2
2025-03-01,Leisure_Hospitality,6.2,2025,3,1,0,2
2025-04-01,Leisure_Hospitality,5.4,2025,4,1,0,2
2025-05-01,Leisure_Hospitality,6.4,2025,5,1,0,2
2025-06-01,Leisure_Hospitality,6.4,2025,6,1,0,2
2025-07-01,Leisure_Hospitality,6.2,2025,7,1,0,2
2025-08-01,Leisure_Hospitality,6.4,2025,8,1,0,2
2025-09-01,Leisure_Hospitality,6.7,2025,9,1,0,2
2010-01-01,Mining_Oil_Gas,9.1,2010,1,0,2,8
2010-02-01,Mining_Oil_Gas,10.7,2010,2,0,2,8
2010-03-01,Mining_Oil_Gas,10.1,2010,3,0,2,8
2010-04-01,Mining_Oil_Gas,9.4,2010,4,0,2,8
2010-05-01,Mining_Oil_Gas,6.2,2010,5,0,2,8
2010-06-01,Mining_Oil_Gas,8.2,2010,6,0,2,8
2010-07-01,Mining_Oil_Gas,10.1,2010,7,0,2,8
2010-08-01,Mining_Oil_Gas,10.9,2010,8,0,2,8
2010-09-01,Mining_Oil_Gas,8.2,2010,9,0,2,8
2010-10-01,Mining_Oil_Gas,10.4,2010,10,0,2,8
2010-11-01,Mining_Oil_Gas,8.5,2010,11,0,2,8
2010-12-01,Mining_Oil_Gas,10.8,2010,12,0,2,8
2011-01-01,Mining_Oil_Gas,8.5,2011,1,0,2,8
2011-02-01,Mining_Oil_Gas,5.6,2011,2,0,2,8
2011-03-01,Mining_Oil_Gas,5.9,2011,3,0,2,8
2011-04-01,Mining_Oil_Gas,3.5,2011,4,0,2,8
2011-05-01,Mining_Oil_Gas,3.8,2011,5,0,2,8
2011-06-01,Mining_Oil_Gas,5.2,2011,6,0,2,8
2011-07-01,Mining_Oil_Gas,6,2011,7,0,2,8
2011-08-01,Mining_Oil_Gas,5.8,2011,8,0,2,8
2011-09-01,Mining_Oil_Gas,6.2,2011,9,0,2,8
2011-10-01,Mining_Oil_Gas,7.8,2011,10,0,2,8
2011-11-01,Mining_Oil_Gas,8.3,2011,11,0,2,8
2011-12-01,Mining_Oil_Gas,6.9,2011,12,0,2,8
2012-01-01,Mining_Oil_Gas,9.4,2012,1,0,2,8
2012-02-01,Mining_Oil_Gas,7.2,2012,2,0,2,8
2012-03-01,Mining_Oil_Gas,6.3,2012,3,0,2,8
2012-04-01,Mining_Oil_Gas,4.2,2012,4,0,2,8
2012-05-01,Mining_Oil_Gas,4.5,2012,5,0,2,8
2012-06-01,Mining_Oil_Gas,4.8,2012,6,0,2,8
2012-07-01,Mining_Oil_Gas,7.6,2012,7,0,2,8
2012-08-01,Mining_Oil_Gas,5.8,2012,8,0,2,8
2012-09-01,Mining_Oil_Gas,4.9,2012,9,0,2,8
2012-10-01,Mining_Oil_Gas,6.1,2012,10,0,2,8
2012-11-01,Mining_Oil_Gas,5.6,2012,11,0,2,8
2012-12-01,Mining_Oil_Gas,6.3,2012,12,0,2,8
2013-01-01,Mining_Oil_Gas,9.6,2013,1,0,2,8
2013-02-01,Mining_Oil_Gas,4.8,2013,2,0,2,8
2013-03-01,Mining_Oil_Gas,6.1,2013,3,0,2,8
2013-04-01,Mining_Oil_Gas,6.1,2013,4,0,2,8
2013-05-01,Mining_Oil_Gas,5.9,2013,5,0,2,8
2013-06-01,Mining_Oil_Gas,6.4,2013,6,0,2,8
2013-07-01,Mining_Oil_Gas,5.1,2013,7,0,2,8
2013-08-01,Mining_Oil_Gas,5.3,2013,8,0,2,8
2013-09-01,Mining_Oil_Gas,4.7,2013,9,0,2,8
2013-10-01,Mining_Oil_Gas,6.1,2013,10,0,2,8
2013-11-01,Mining_Oil_Gas,5.9,2013,11,0,2,8
2013-12-01,Mining_Oil_Gas,3.6,2013,12,0,2,8
2014-01-01,Mining_Oil_Gas,6.5,2014,1,0,2,8
2014-02-01,Mining_Oil_Gas,8,2014,2,0,2,8
2014-03-01,Mining_Oil_Gas,5.3,2014,3,0,2,8
2014-04-01,Mining_Oil_Gas,3.8,2014,4,0,2,8
2014-05-01,Mining_Oil_Gas,2.6,2014,5,0,2,8
2014-06-01,Mining_Oil_Gas,2.5,2014,6,0,2,8
2014-07-01,Mining_Oil_Gas,3,2014,7,0,2,8
2014-08-01,Mining_Oil_Gas,6.3,2014,8,0,2,8
2014-09-01,Mining_Oil_Gas,6.1,2014,9,0,2,8
2014-10-01,Mining_Oil_Gas,4.5,2014,10,0,2,8
2014-11-01,Mining_Oil_Gas,2.8,2014,11,0,2,8
2014-12-01,Mining_Oil_Gas,4.1,2014,12,0,2,8
2015-01-01,Mining_Oil_Gas,6,2015,1,0,2,8
2015-02-01,Mining_Oil_Gas,8.6,2015,2,0,2,8
2015-03-01,Mining_Oil_Gas,8,2015,3,0,2,8
2015-04-01,Mining_Oil_Gas,8.7,2015,4,0,2,8
2015-05-01,Mining_Oil_Gas,7.2,2015,5,0,2,8
2015-06-01,Mining_Oil_Gas,8.9,2015,6,0,2,8
2015-07-01,Mining_Oil_Gas,8.1,2015,7,0,2,8
2015-08-01,Mining_Oil_Gas,8,2015,8,0,2,8
2015-09-01,Mining_Oil_Gas,11.2,2015,9,0,2,8
2015-10-01,Mining_Oil_Gas,9.4,2015,10,0,2,8
2015-11-01,Mining_Oil_Gas,8.5,2015,11,0,2,8
2015-12-01,Mining_Oil_Gas,11.2,2015,12,0,2,8
2016-01-01,Mining_Oil_Gas,8.1,2016,1,0,2,8
2016-02-01,Mining_Oil_Gas,9.2,2016,2,0,2,8
2016-03-01,Mining_Oil_Gas,9.8,2016,3,0,2,8
2016-04-01,Mining_Oil_Gas,9.5,2016,4,0,2,8
2016-05-01,Mining_Oil_Gas,11.1,2016,5,0,2,8
2016-06-01,Mining_Oil_Gas,11.5,2016,6,0,2,8
2016-07-01,Mining_Oil_Gas,9.3,2016,7,0,2,8
2016-08-01,Mining_Oil_Gas,5.4,2016,8,0,2,8
2016-09-01,Mining_Oil_Gas,5.7,2016,9,0,2,8
2016-10-01,Mining_Oil_Gas,5.8,2016,10,0,2,8
2016-11-01,Mining_Oil_Gas,4.7,2016,11,0,2,8
2016-12-01,Mining_Oil_Gas,3.7,2016,12,0,2,8
2017-01-01,Mining_Oil_Gas,6.8,2017,1,0,2,8
2017-02-01,Mining_Oil_Gas,4.6,2017,2,0,2,8
2017-03-01,Mining_Oil_Gas,4.1,2017,3,0,2,8
2017-04-01,Mining_Oil_Gas,4.7,2017,4,0,2,8
2017-05-01,Mining_Oil_Gas,2.5,2017,5,0,2,8
2017-06-01,Mining_Oil_Gas,2.6,2017,6,0,2,8
2017-07-01,Mining_Oil_Gas,4.5,2017,7,0,2,8
2017-08-01,Mining_Oil_Gas,4.5,2017,8,0,2,8
2017-09-01,Mining_Oil_Gas,3,2017,9,0,2,8
2017-10-01,Mining_Oil_Gas,4.8,2017,10,0,2,8
2017-11-01,Mining_Oil_Gas,2.4,2017,11,0,2,8
2017-12-01,Mining_Oil_Gas,5.1,2017,12,0,2,8
2018-01-01,Mining_Oil_Gas,4.1,2018,1,0,2,8
2018-02-01,Mining_Oil_Gas,6.6,2018,2,0,2,8
2018-03-01,Mining_Oil_Gas,6.9,2018,3,0,2,8
2018-04-01,Mining_Oil_Gas,4.7,2018,4,0,2,8
2018-05-01,Mining_Oil_Gas,3,2018,5,0,2,8
2018-06-01,Mining_Oil_Gas,2.9,2018,6,0,2,8
2018-07-01,Mining_Oil_Gas,3.4,2018,7,0,2,8
2018-08-01,Mining_Oil_Gas,1.9,2018,8,0,2,8
2018-09-01,Mining_Oil_Gas,1.7,2018,9,0,2,8
2018-10-01,Mining_Oil_Gas,1.7,2018,10,0,2,8
2018-11-01,Mining_Oil_Gas,1.9,2018,11,0,2,8
2018-12-01,Mining_Oil_Gas,2.6,2018,12,0,2,8
2019-01-01,Mining_Oil_Gas,5.3,2019,1,0,2,8
2019-02-01,Mining_Oil_Gas,3.6,2019,2,0,2,8
2019-03-01,Mining_Oil_Gas,3.6,2019,3,0,2,8
2019-04-01,Mining_Oil_Gas,2.4,2019,4,0,2,8
2019-05-01,Mining_Oil_Gas,5,2019,5,0,2,8
2019-06-01,Mining_Oil_Gas,3.2,2019,6,0,2,8
2019-07-01,Mining_Oil_Gas,2.3,2019,7,0,2,8
2019-08-01,Mining_Oil_Gas,1.1,2019,8,0,2,8
2019-09-01,Mining_Oil_Gas,1.7,2019,9,0,2,8
2019-10-01,Mining_Oil_Gas,2.8,2019,10,0,2,8
2019-11-01,Mining_Oil_Gas,3.2,2019,11,0,2,8
2019-12-01,Mining_Oil_Gas,3.8,2019,12,0,2,8
2020-01-01,Mining_Oil_Gas,1.9,2020,1,0,2,8
2020-02-01,Mining_Oil_Gas,5,2020,2,0,2,8
2020-03-01,Mining_Oil_Gas,6.2,2020,3,0,2,8
2020-04-01,Mining_Oil_Gas,10.2,2020,4,0,2,8
2020-05-01,Mining_Oil_Gas,8.4,2020,5,0,2,8
2020-06-01,Mining_Oil_Gas,17.8,2020,6,0,2,8
2020-07-01,Mining_Oil_Gas,15.6,2020,7,0,2,8
2020-08-01,Mining_Oil_Gas,12.4,2020,8,0,2,8
2020-09-01,Mining_Oil_Gas,14.9,2020,9,0,2,8
2020-10-01,Mining_Oil_Gas,13.8,2020,10,0,2,8
2020-11-01,Mining_Oil_Gas,19.2,2020,11,0,2,8
2020-12-01,Mining_Oil_Gas,13.1,2020,12,0,2,8
2021-01-01,Mining_Oil_Gas,14.2,2021,1,0,2,8
2021-02-01,Mining_Oil_Gas,19.3,2021,2,0,2,8
2021-03-01,Mining_Oil_Gas,15,2021,3,0,2,8
2021-04-01,Mining_Oil_Gas,14.3,2021,4,0,2,8
2021-05-01,Mining_Oil_Gas,9.6,2021,5,0,2,8
2021-06-01,Mining_Oil_Gas,10.3,2021,6,0,2,8
2021-07-01,Mining_Oil_Gas,8.9,2021,7,0,2,8
2021-08-01,Mining_Oil_Gas,10.2,2021,8,0,2,8
2021-09-01,Mining_Oil_Gas,7.3,2021,9,0,2,8
2021-10-01,Mining_Oil_Gas,10,2021,10,0,2,8
2021-11-01,Mining_Oil_Gas,8.6,2021,11,0,2,8
2021-12-01,Mining_Oil_Gas,5.8,2021,12,0,2,8
2022-01-01,Mining_Oil_Gas,8.4,2022,1,0,2,8
2022-02-01,Mining_Oil_Gas,5,2022,2,0,2,8
2022-03-01,Mining_Oil_Gas,2.6,2022,3,0,2,8
2022-04-01,Mining_Oil_Gas,3.4,2022,4,0,2,8
2022-05-01,Mining_Oil_Gas,4.1,2022,5,0,2,8
2022-06-01,Mining_Oil_Gas,1.6,2022,6,0,2,8
2022-07-01,Mining_Oil_Gas,0.8,2022,7,0,2,8
2022-08-01,Mining_Oil_Gas,2.6,2022,8,0,2,8
2022-09-01,Mining_Oil_Gas,2.5,2022,9,0,2,8
2022-10-01,Mining_Oil_Gas,0.8,2022,10,0,2,8
2022-11-01,Mining_Oil_Gas,3.1,2022,11,0,2,8
2022-12-01,Mining_Oil_Gas,1.9,2022,12,0,2,8
2023-01-01,Mining_Oil_Gas,0.3,2023,1,0,2,8
2023-02-01,Mining_Oil_Gas,3,2023,2,0,2,8
2023-03-01,Mining_Oil_Gas,6.5,2023,3,0,2,8
2023-04-01,Mining_Oil_Gas,1.8,2023,4,0,2,8
2023-05-01,Mining_Oil_Gas,1.8,2023,5,0,2,8
2023-06-01,Mining_Oil_Gas,1.3,2023,6,0,2,8
2023-07-01,Mining_Oil_Gas,2.7,2023,7,0,2,8
2023-08-01,Mining_Oil_Gas,2.5,2023,8,0,2,8
2023-09-01,Mining_Oil_Gas,2.6,2023,9,0,2,8
2023-10-01,Mining_Oil_Gas,6.1,2023,10,0,2,8
2023-11-01,Mining_Oil_Gas,2.2,2023,11,0,2,8
2023-12-01,Mining_Oil_Gas,1.7,2023,12,0,2,8
2024-01-01,Mining_Oil_Gas,3,2024,1,0,2,8
2024-02-01,Mining_Oil_Gas,4.2,2024,2,0,2,8
2024-03-01,Mining_Oil_Gas,3.3,2024,3,0,2,8
2024-04-01,Mining_Oil_Gas,1.3,2024,4,0,2,8
2024-05-01,Mining_Oil_Gas,3.1,2024,5,0,2,8
2024-06-01,Mining_Oil_Gas,1.3,2024,6,0,2,8
2024-07-01,Mining_Oil_Gas,5.4,2024,7,0,2,8
2024-08-01,Mining_Oil_Gas,3.5,2024,8,0,2,8
2024-09-01,Mining_Oil_Gas,2,2024,9,0,2,8
2024-10-01,Mining_Oil_Gas,2.5,2024,10,0,2,8
2024-11-01,Mining_Oil_Gas,1.9,2024,11,0,2,8
2024-12-01,Mining_Oil_Gas,5.4,2024,12,0,2,8
2025-01-01,Mining_Oil_Gas,5,2025,1,0,2,8
2025-02-01,Mining_Oil_Gas,3.9,2025,2,1,2,8
2025-03-01,Mining_Oil_Gas,1.4,2025,3,1,2,8
2025-04-01,Mining_Oil_Gas,4,2025,4,1,2,8
2025-05-01,Mining_Oil_Gas,4.2,2025,5,1,2,8
2025-06-01,Mining_Oil_Gas,1.9,2025,6,1,2,8
2025-07-01,Mining_Oil_Gas,4.2,2025,7,1,2,8
2025-08-01,Mining_Oil_Gas,4,2025,8,1,2,8
2025-09-01,Mining_Oil_Gas,6.8,2025,9,1,2,8
2010-01-01,Financial_Activities,6.6,2010,1,0,2,5
2010-02-01,Financial_Activities,7.5,2010,2,0,2,5
2010-03-01,Financial_Activities,7.7,2010,3,0,2,5
2010-04-01,Financial_Activities,7.6,2010,4,0,2,5
2010-05-01,Financial_Activities,6.8,2010,5,0,2,5
2010-06-01,Financial_Activities,6.9,2010,6,0,2,5
2010-07-01,Financial_Activities,6.4,2010,7,0,2,5
2010-08-01,Financial_Activities,6.7,2010,8,0,2,5
2010-09-01,Financial_Activities,6.3,2010,9,0,2,5
2010-10-01,Financial_Activities,6.7,2010,10,0,2,5
2010-11-01,Financial_Activities,6.7,2010,11,0,2,5
2010-12-01,Financial_Activities,6.4,2010,12,0,2,5
2011-01-01,Financial_Activities,7.2,2011,1,0,2,5
2011-02-01,Financial_Activities,6.9,2011,2,0,2,5
2011-03-01,Financial_Activities,7.1,2011,3,0,2,5
2011-04-01,Financial_Activities,6.7,2011,4,0,2,5
2011-05-01,Financial_Activities,6.8,2011,5,0,2,5
2011-06-01,Financial_Activities,6.8,2011,6,0,2,5
2011-07-01,Financial_Activities,6,2011,7,0,2,5
2011-08-01,Financial_Activities,6.2,2011,8,0,2,5
2011-09-01,Financial_Activities,5.5,2011,9,0,2,5
2011-10-01,Financial_Activities,5.8,2011,10,0,2,5
2011-11-01,Financial_Activities,6.1,2011,11,0,2,5
2011-12-01,Financial_Activities,5.6,2011,12,0,2,5
2012-01-01,Financial_Activities,4.9,2012,1,0,2,5
2012-02-01,Financial_Activities,5.3,2012,2,0,2,5
2012-03-01,Financial_Activities,5.7,2012,3,0,2,5
2012-04-01,Financial_Activities,5.5,2012,4,0,2,5
2012-05-01,Financial_Activities,5.1,2012,5,0,2,5
2012-06-01,Financial_Activities,5.6,2012,6,0,2,5
2012-07-01,Financial_Activities,5.1,2012,7,0,2,5
2012-08-01,Financial_Activities,5.3,2012,8,0,2,5
2012-09-01,Financial_Activities,4.8,2012,9,0,2,5
2012-10-01,Financial_Activities,4.9,2012,10,0,2,5
2012-11-01,Financial_Activities,4.7,2012,11,0,2,5
2012-12-01,Financial_Activities,4.1,2012,12,0,2,5
2013-01-01,Financial_Activities,5.5,2013,1,0,2,5
2013-02-01,Financial_Activities,4.5,2013,2,0,2,5
2013-03-01,Financial_Activities,4.3,2013,3,0,2,5
2013-04-01,Financial_Activities,5.4,2013,4,0,2,5
2013-05-01,Financial_Activities,4.4,2013,5,0,2,5
2013-06-01,Financial_Activities,4.7,2013,6,0,2,5
2013-07-01,Financial_Activities,4.5,2013,7,0,2,5
2013-08-01,Financial_Activities,3.8,2013,8,0,2,5
2013-09-01,Financial_Activities,3.9,2013,9,0,2,5
2013-10-01,Financial_Activities,4.6,2013,10,0,2,5
2013-11-01,Financial_Activities,4.3,2013,11,0,2,5
2013-12-01,Financial_Activities,4.2,2013,12,0,2,5
2014-01-01,Financial_Activities,3.8,2014,1,0,2,5
2014-02-01,Financial_Activities,4.2,2014,2,0,2,5
2014-03-01,Financial_Activities,4.2,2014,3,0,2,5
2014-04-01,Financial_Activities,5,2014,4,0,2,5
2014-05-01,Financial_Activities,4.8,2014,5,0,2,5
2014-06-01,Financial_Activities,4.4,2014,6,0,2,5
2014-07-01,Financial_Activities,3.6,2014,7,0,2,5
2014-08-01,Financial_Activities,3.5,2014,8,0,2,5
2014-09-01,Financial_Activities,3.5,2014,9,0,2,5
2014-10-01,Financial_Activities,3.6,2014,10,0,2,5
2014-11-01,Financial_Activities,3.5,2014,11,0,2,5
2014-12-01,Financial_Activities,3.4,2014,12,0,2,5
2015-01-01,Financial_Activities,3,2015,1,0,2,5
2015-02-01,Financial_Activities,3.1,2015,2,0,2,5
2015-03-01,Financial_Activities,2.6,2015,3,0,2,5
2015-04-01,Financial_Activities,2.7,2015,4,0,2,5
2015-05-01,Financial_Activities,2.3,2015,5,0,2,5
2015-06-01,Financial_Activities,2.5,2015,6,0,2,5
2015-07-01,Financial_Activities,2.3,2015,7,0,2,5
2015-08-01,Financial_Activities,2.5,2015,8,0,2,5
2015-09-01,Financial_Activities,2.6,2015,9,0,2,5
2015-10-01,Financial_Activities,2.4,2015,10,0,2,5
2015-11-01,Financial_Activities,2.6,2015,11,0,2,5
2015-12-01,Financial_Activities,2.6,2015,12,0,2,5
2016-01-01,Financial_Activities,3.1,2016,1,0,2,5
2016-02-01,Financial_Activities,3.6,2016,2,0,2,5
2016-03-01,Financial_Activities,3,2016,3,0,2,5
2016-04-01,Financial_Activities,2.7,2016,4,0,2,5
2016-05-01,Financial_Activities,1.8,2016,5,0,2,5
2016-06-01,Financial_Activities,2.2,2016,6,0,2,5
2016-07-01,Financial_Activities,2.4,2016,7,0,2,5
2016-08-01,Financial_Activities,2.8,2016,8,0,2,5
2016-09-01,Financial_Activities,3,2016,9,0,2,5
2016-10-01,Financial_Activities,2.7,2016,10,0,2,5
2016-11-01,Financial_Activities,2.8,2016,11,0,2,5
2016-12-01,Financial_Activities,2.6,2016,12,0,2,5
2017-01-01,Financial_Activities,3.3,2017,1,0,2,5
2017-02-01,Financial_Activities,3.4,2017,2,0,2,5
2017-03-01,Financial_Activities,2.3,2017,3,0,2,5
2017-04-01,Financial_Activities,2.3,2017,4,0,2,5
2017-05-01,Financial_Activities,2.3,2017,5,0,2,5
2017-06-01,Financial_Activities,2.5,2017,6,0,2,5
2017-07-01,Financial_Activities,2.3,2017,7,0,2,5
2017-08-01,Financial_Activities,2.5,2017,8,0,2,5
2017-09-01,Financial_Activities,2.5,2017,9,0,2,5
2017-10-01,Financial_Activities,2.2,2017,10,0,2,5
2017-11-01,Financial_Activities,2.1,2017,11,0,2,5
2017-12-01,Financial_Activities,1.5,2017,12,0,2,5
2018-01-01,Financial_Activities,2.2,2018,1,0,2,5
2018-02-01,Financial_Activities,2.2,2018,2,0,2,5
2018-03-01,Financial_Activities,1.8,2018,3,0,2,5
2018-04-01,Financial_Activities,1.6,2018,4,0,2,5
2018-05-01,Financial_Activities,1.7,2018,5,0,2,5
2018-06-01,Financial_Activities,2.1,2018,6,0,2,5
2018-07-01,Financial_Activities,2.3,2018,7,0,2,5
2018-08-01,Financial_Activities,2.7,2018,8,0,2,5
2018-09-01,Financial_Activities,2.7,2018,9,0,2,5
2018-10-01,Financial_Activities,2,2018,10,0,2,5
2018-11-01,Financial_Activities,2.1,2018,11,0,2,5
2018-12-01,Financial_Activities,2.4,2018,12,0,2,5
2019-01-01,Financial_Activities,2.4,2019,1,0,2,5
2019-02-01,Financial_Activities,2.6,2019,2,0,2,5
2019-03-01,Financial_Activities,2.8,2019,3,0,2,5
2019-04-01,Financial_Activities,2.1,2019,4,0,2,5
2019-05-01,Financial_Activities,1.7,2019,5,0,2,5
2019-06-01,Financial_Activities,2,2019,6,0,2,5
2019-07-01,Financial_Activities,1.7,2019,7,0,2,5
2019-08-01,Financial_Activities,2.1,2019,8,0,2,5
2019-09-01,Financial_Activities,1.9,2019,9,0,2,5
2019-10-01,Financial_Activities,2,2019,10,0,2,5
2019-11-01,Financial_Activities,2.1,2019,11,0,2,5
2019-12-01,Financial_Activities,2.3,2019,12,0,2,5
2020-01-01,Financial_Activities,2.5,2020,1,0,2,5
2020-02-01,Financial_Activities,1.7,2020,2,0,2,5
2020-03-01,Financial_Activities,2.2,2020,3,0,2,5
2020-04-01,Financial_Activities,5.4,2020,4,0,2,5
2020-05-01,Financial_Activities,5.7,2020,5,0,2,5
2020-06-01,Financial_Activities,5.1,2020,6,0,2,5
2020-07-01,Financial_Activities,4.7,2020,7,0,2,5
2020-08-01,Financial_Activities,4.2,2020,8,0,2,5
2020-09-01,Financial_Activities,4.4,2020,9,0,2,5
2020-10-01,Financial_Activities,3.8,2020,10,0,2,5
2020-11-01,Financial_Activities,3.5,2020,11,0,2,5
2020-12-01,Financial_Activities,3.1,2020,12,0,2,5
2021-01-01,Financial_Activities,3.4,2021,1,0,2,5
2021-02-01,Financial_Activities,3.7,2021,2,0,2,5
2021-03-01,Financial_Activities,3.4,2021,3,0,2,5
2021-04-01,Financial_Activities,2.7,2021,4,0,2,5
2021-05-01,Financial_Activities,3,2021,5,0,2,5
2021-06-01,Financial_Activities,3.4,2021,6,0,2,5
2021-07-01,Financial_Activities,3,2021,7,0,2,5
2021-08-01,Financial_Activities,3.2,2021,8,0,2,5
2021-09-01,Financial_Activities,2.5,2021,9,0,2,5
2021-10-01,Financial_Activities,1.9,2021,10,0,2,5
2021-11-01,Financial_Activities,2,2021,11,0,2,5
2021-12-01,Financial_Activities,2.4,2021,12,0,2,5
2022-01-01,Financial_Activities,1.9,2022,1,0,2,5
2022-02-01,Financial_Activities,2.4,2022,2,0,2,5
2022-03-01,Financial_Activities,2,2022,3,0,2,5
2022-04-01,Financial_Activities,1.9,2022,4,0,2,5
2022-05-01,Financial_Activities,1.9,2022,5,0,2,5
2022-06-01,Financial_Activities,2.1,2022,6,0,2,5
2022-07-01,Financial_Activities,1.6,2022,7,0,2,5
2022-08-01,Financial_Activities,1.8,2022,8,0,2,5
2022-09-01,Financial_Activities,1.3,2022,9,0,2,5
2022-10-01,Financial_Activities,1.9,2022,10,0,2,5
2022-11-01,Financial_Activities,1.9,2022,11,0,2,5
2022-12-01,Financial_Activities,2.6,2022,12,0,2,5
2023-01-01,Financial_Activities,2.3,2023,1,0,2,5
2023-02-01,Financial_Activities,2.2,2023,2,0,2,5
2023-03-01,Financial_Activities,1.8,2023,3,0,2,5
2023-04-01,Financial_Activities,2.1,2023,4,0,2,5
2023-05-01,Financial_Activities,2.3,2023,5,0,2,5
2023-06-01,Financial_Activities,2.2,2023,6,0,2,5
2023-07-01,Financial_Activities,1.9,2023,7,0,2,5
2023-08-01,Financial_Activities,2.2,2023,8,0,2,5
2023-09-01,Financial_Activities,1.9,2023,9,0,2,5
2023-10-01,Financial_Activities,2.2,2023,10,0,2,5
2023-11-01,Financial_Activities,2.3,2023,11,0,2,5
2023-12-01,Financial_Activities,2.9,2023,12,0,2,5
2024-01-01,Financial_Activities,2.1,2024,1,0,2,5
2024-02-01,Financial_Activities,2.4,2024,2,0,2,5
2024-03-01,Financial_Activities,2.2,2024,3,0,2,5
2024-04-01,Financial_Activities,2.7,2024,4,0,2,5
2024-05-01,Financial_Activities,2.8,2024,5,0,2,5
2024-06-01,Financial_Activities,2.7,2024,6,0,2,5
2024-07-01,Financial_Activities,2.5,2024,7,0,2,5
2024-08-01,Financial_Activities,3,2024,8,0,2,5
2024-09-01,Financial_Activities,2.4,2024,9,0,2,5
2024-10-01,Financial_Activities,1.9,2024,10,0,2,5
2024-11-01,Financial_Activities,2.4,2024,11,0,2,5
2024-12-01,Financial_Activities,2.1,2024,12,0,2,5
2025-01-01,Financial_Activities,2,2025,1,0,2,5
2025-02-01,Financial_Activities,2,2025,2,1,2,5
2025-03-01,Financial_Activities,2.8,2025,3,1,2,5
2025-04-01,Financial_Activities,2.9,2025,4,1,2,5
2025-05-01,Financial_Activities,2.7,2025,5,1,2,5
2025-06-01,Financial_Activities,2.3,2025,6,1,2,5
2025-07-01,Financial_Activities,2.2,2025,7,1,2,5
2025-08-01,Financial_Activities,1.6,2025,8,1,2,5
2025-09-01,Financial_Activities,2.3,2025,9,1,2,5
